-- phpMyAdmin SQL Dump
-- version 5.2.0
-- https://www.phpmyadmin.net/
--
-- Host: 127.0.0.1:3306
-- Generation Time: Jun 25, 2023 at 06:41 AM
-- Server version: 8.0.31
-- PHP Version: 8.0.26

SET SQL_MODE = "NO_AUTO_VALUE_ON_ZERO";
START TRANSACTION;
SET time_zone = "+00:00";


/*!40101 SET @OLD_CHARACTER_SET_CLIENT=@@CHARACTER_SET_CLIENT */;
/*!40101 SET @OLD_CHARACTER_SET_RESULTS=@@CHARACTER_SET_RESULTS */;
/*!40101 SET @OLD_COLLATION_CONNECTION=@@COLLATION_CONNECTION */;
/*!40101 SET NAMES utf8mb4 */;

--
-- Database: `quanlykhachsan`
--

-- --------------------------------------------------------

--
-- Table structure for table `datphong`
--

DROP TABLE IF EXISTS `datphong`;
CREATE TABLE IF NOT EXISTS `datphong` (
  `ID` varchar(50) COLLATE utf8mb4_bin NOT NULL,
  `tenkhachhang` varchar(255) CHARACTER SET utf8mb4 COLLATE utf8mb4_bin NOT NULL,
  `ngaydatphong` date NOT NULL,
  `ngayketthuc` date NOT NULL,
  `diachikhachhang` varchar(255) CHARACTER SET utf8mb4 COLLATE utf8mb4_bin NOT NULL,
  `phongID` int NOT NULL,
  `thanhtoan` decimal(10,0) NOT NULL,
  `isActive` tinyint(1) NOT NULL DEFAULT '0',
  `CMND` varchar(20) COLLATE utf8mb4_bin NOT NULL,
  `sdt` varchar(20) COLLATE utf8mb4_bin NOT NULL,
  `soluongnguoi` int NOT NULL,
  `loaikhachID` int NOT NULL,
  PRIMARY KEY (`ID`)
) ENGINE=MyISAM DEFAULT CHARSET=utf8mb4 COLLATE=utf8mb4_bin;

--
-- Dumping data for table `datphong`
--

INSERT INTO `datphong` (`ID`, `tenkhachhang`, `ngaydatphong`, `ngayketthuc`, `diachikhachhang`, `phongID`, `thanhtoan`, `isActive`, `CMND`, `sdt`, `soluongnguoi`, `loaikhachID`) VALUES
('230625-120155', 'Đan', '2023-06-06', '2023-06-10', '', 0, '700000', 1, '0000000002', '0909000004', 0, 1),
('230625-115653', 'Minh', '2023-06-07', '2023-06-09', '', 0, '700000', 1, '077082002002', '0909000004', 0, 1),
('230625-120249', 'Tùng', '2023-06-07', '2023-06-09', '', 0, '1600000', 1, '077092003001', '0909000004', 0, 1),
('230625-120341', 'Vũ', '2023-06-07', '2023-06-09', '', 0, '1000000', 1, '077092113113', '0909987654', 0, 1),
('230625-120424', 'Thư', '2023-06-06', '2023-06-10', '', 0, '1000000', 1, '077092010003', '0909000012', 0, 2),
('230625-122132', 'Hùng', '2023-06-16', '2023-06-20', '', 0, '400000', 1, '0000000001', '0909000123', 0, 1),
('230625-120717', 'Tùng', '2023-06-11', '2023-06-14', '', 0, '400000', 1, '077092003009', '0909000004', 0, 1),
('230625-120914', 'Dương', '2023-06-12', '2023-06-14', '', 0, '800000', 1, '077092133331', '0909000004', 0, 1),
('230625-121012', 'Lan', '2023-06-11', '2023-06-14', '', 0, '1100000', 1, '099988887777', '0357188988', 0, 1),
('230625-121055', 'Minh', '2023-06-11', '2023-06-15', '', 0, '1100000', 1, '077099888877', '0909000111', 0, 1),
('230625-121225', 'Minh Hoàng', '2023-06-11', '2023-06-14', '', 0, '1300000', 1, '077092003322', '0909000004', 0, 1),
('230625-121311', 'Quang', '2023-06-11', '2023-06-15', '', 0, '1500000', 1, '22222222222', '0909000004', 0, 1),
('230625-121347', 'Linh', '2023-06-13', '2023-06-15', '', 0, '800000', 1, '077092004004', '0909000002', 0, 1),
('230625-121426', 'Thư', '2023-06-11', '2023-06-15', '', 0, '1000000', 1, '077092223332', '0909223332', 0, 1),
('230625-122239', 'Ly', '2023-06-16', '2023-06-18', '', 0, '900000', 1, '077092123123', '0909123123', 0, 1),
('230625-122339', 'Linh', '2023-06-16', '2023-06-19', '', 0, '900000', 1, '089900919992', '0983888111', 0, 1),
('230625-122525', 'Linh', '2023-06-17', '2023-06-20', '', 0, '600000', 1, '077092003123', '0909000002', 0, 1),
('230625-122639', 'Liên', '2023-06-16', '2023-06-20', '', 0, '1300000', 1, '077095003001', '0123445566', 0, 1),
('230625-122728', 'Sơn', '2023-06-17', '2023-06-20', '', 0, '700000', 1, '077092010033', '0912344555', 0, 1),
('230625-122919', 'Huỳnh', '2023-06-18', '2023-06-20', '', 0, '600000', 1, '099009219993', '0977177177', 0, 1),
('230625-123013', 'Thúy', '2023-06-16', '2023-06-20', '', 0, '2400000', 1, '077091123331', '0909000013', 0, 1),
('230625-123118', 'Joe B', '2023-06-16', '2023-06-20', '', 0, '2000000', 1, '112233445566', '0123000004', 0, 2),
('230625-123949', 'Đặng Tùng', '2023-06-21', '2023-06-25', '', 0, '400000', 0, '077092003002', '0357175627', 0, 1),
('230625-124053', 'Chí Công', '2023-06-21', '2023-06-24', '', 0, '1300000', 1, '077008829999', '0123000004', 0, 1),
('230625-124203', 'Thanh Sơn', '2023-06-21', '2023-06-23', '', 0, '500000', 1, '077092010003', '0123000004', 0, 2),
('230625-124241', 'Mỹ Linh', '2023-06-21', '2023-06-24', '', 0, '1200000', 1, '088900010004', '0909000004', 0, 1),
('230625-124752', 'Minh Quang', '2023-06-21', '2023-06-24', '', 0, '600000', 1, '088900010004', '0909000012', 0, 1),
('230625-124925', 'Linh', '2023-06-22', '2023-06-24', '', 0, '1400000', 1, '077090000003', '0909000004', 0, 1),
('230625-113131', 'Đặng Tùng', '2023-05-28', '2023-05-31', '', 0, '800000', 1, '077092003002', '0909000002', 0, 1),
('230625-113300', 'Chí Công', '2023-05-30', '2023-06-04', '', 0, '400000', 1, '077099889999', '0909000002', 0, 1),
('230625-113424', 'Hùng', '2023-05-31', '2023-06-02', '', 0, '1000000', 1, '077090299999', '0909000003', 0, 1),
('230625-113545', 'Linh', '2023-06-01', '2023-06-03', '', 0, '600000', 1, '077092009099', '0909000004', 0, 2),
('230625-113648', 'Quang', '2023-05-31', '2023-06-04', '', 0, '600000', 1, '077090000003', '0909000002', 0, 1),
('230625-113753', 'Hiếu', '2023-06-02', '2023-06-05', '', 0, '1300000', 1, '077008829999', '0909000007', 0, 2),
('230625-113944', 'Sơn', '2023-05-30', '2023-06-03', '', 0, '1500000', 1, '099000920091', '0123778877', 0, 1),
('230625-114103', 'Minh', '2023-06-04', '2023-06-05', '', 0, '1600000', 1, '088900010004', '0909000007', 0, 1),
('230625-114237', 'Luffy', '2023-06-01', '2023-06-05', '', 0, '1000000', 1, '099992222222', '0909000009', 0, 2),
('230625-114319', 'Zorro', '2023-06-02', '2023-06-05', '', 0, '1000000', 1, '22222222222', '09090001001', 0, 2),
('230625-115054', 'Yến', '2023-06-08', '2023-06-10', '', 0, '400000', 1, '077092003111', '0909000010', 0, 1),
('230625-115154', 'Ly', '2023-06-06', '2023-06-10', '', 0, '800000', 1, '077092111222', '0357009008', 0, 1),
('230625-115301', 'Trang', '2023-06-06', '2023-06-07', '', 0, '1000000', 1, '077092001008', '0909000002', 0, 1),
('230625-115428', 'đặng tùng', '2023-06-08', '2023-06-10', '', 0, '1000000', 1, '077099010099', '0909123456', 0, 1),
('230625-115524', 'Vy', '2023-06-06', '2023-06-06', '', 0, '1200000', 1, '077099919998', '0977006005', 0, 2),
('230625-115609', 'Quang', '2023-06-06', '2023-06-10', '', 0, '600000', 1, '22222222222', '0909000002', 0, 1),
('230625-125041', 'Văn Minh', '2023-06-21', '2023-06-25', '', 0, '1600000', 0, '088086655671', '0993322111', 0, 1),
('230625-125135', 'Yến', '2023-06-21', '2023-06-24', '', 0, '1000000', 1, '088086655671', '0909001113', 0, 2),
('230625-125211', 'Chí Công', '2023-06-21', '2023-06-25', '', 0, '1000000', 1, '077092123321', '0909023320', 0, 1);

-- --------------------------------------------------------

--
-- Table structure for table `hoadon`
--

DROP TABLE IF EXISTS `hoadon`;
CREATE TABLE IF NOT EXISTS `hoadon` (
  `ID` varchar(50) COLLATE utf8mb4_bin NOT NULL,
  `datphongID` int NOT NULL,
  `loaithanhtoan` varchar(50) CHARACTER SET utf8mb4 COLLATE utf8mb4_bin NOT NULL,
  `tongtienthanhtoan` decimal(10,0) NOT NULL,
  `tenkhachhang` varchar(50) COLLATE utf8mb4_bin NOT NULL,
  `tennguoithanhtoan` varchar(50) COLLATE utf8mb4_bin NOT NULL,
  `ngaydatphong` date NOT NULL,
  `ngayketthuc` date NOT NULL,
  `diachinguoithanhtoan` varchar(100) COLLATE utf8mb4_bin NOT NULL,
  `MST` varchar(50) COLLATE utf8mb4_bin NOT NULL,
  `stk` varchar(50) COLLATE utf8mb4_bin NOT NULL,
  `tongtiensauthue` decimal(10,0) NOT NULL,
  `VAT` double(10,2) NOT NULL,
  `VATthanhtoan` decimal(10,0) NOT NULL,
  `songaythue` int NOT NULL,
  `phuthuloaikhach` double(10,2) NOT NULL,
  `CMND` varchar(50) COLLATE utf8mb4_bin NOT NULL,
  PRIMARY KEY (`ID`)
) ENGINE=MyISAM DEFAULT CHARSET=utf8mb4 COLLATE=utf8mb4_bin;

--
-- Dumping data for table `hoadon`
--

INSERT INTO `hoadon` (`ID`, `datphongID`, `loaithanhtoan`, `tongtienthanhtoan`, `tenkhachhang`, `tennguoithanhtoan`, `ngaydatphong`, `ngayketthuc`, `diachinguoithanhtoan`, `MST`, `stk`, `tongtiensauthue`, `VAT`, `VATthanhtoan`, `songaythue`, `phuthuloaikhach`, `CMND`) VALUES
('hd-230625-125233', 230625, 'Tiền mặt', '3900000', 'Chí Công', '', '2023-06-21', '2023-06-24', '', '', '', '4290000', 0.10, '390000', 3, 1.00, '077008829999'),
('hd-230625-123144', 230625, 'Tiền mặt', '2000000', 'Hùng', '', '2023-06-16', '2023-06-20', '', '', '', '2200000', 0.10, '200000', 4, 1.00, '0000000001'),
('hd-230625-123149', 230625, 'Tiền mặt', '1200000', 'Huỳnh', '', '2023-06-18', '2023-06-20', '', '', '', '1320000', 0.10, '120000', 2, 1.00, '099009219993'),
('hd-230625-123157', 230625, 'Tiền mặt', '1800000', 'Linh', '', '2023-06-17', '2023-06-20', '', '', '', '1980000', 0.10, '180000', 3, 1.00, '077092003123'),
('hd-230625-123205', 230625, 'Tiền mặt', '5200000', 'Liên', '', '2023-06-16', '2023-06-20', '', '', '', '5720000', 0.10, '520000', 4, 1.00, '077095003001'),
('hd-230625-123212', 230625, 'Tiền mặt', '12000000', 'Joe B', '', '2023-06-16', '2023-06-20', '', '', '', '13200000', 0.10, '1200000', 4, 1.50, '112233445566'),
('hd-230625-123220', 230625, 'Tiền mặt', '2100000', 'Sơn', '', '2023-06-17', '2023-06-20', '', '', '', '2310000', 0.10, '210000', 3, 1.00, '077092010033'),
('hd-230625-123227', 230625, 'Tiền mặt', '2700000', 'Linh', '', '2023-06-16', '2023-06-19', '', '', '', '2970000', 0.10, '270000', 3, 1.00, '089900919992'),
('hd-230625-123235', 230625, 'Tiền mặt', '1800000', 'Ly', '', '2023-06-16', '2023-06-18', '', '', '', '1980000', 0.10, '180000', 2, 1.00, '077092123123'),
('hd-230625-125225', 230625, 'Tiền mặt', '4000000', 'Chí Công', '', '2023-06-21', '2023-06-25', '', '', '', '4400000', 0.10, '400000', 4, 1.00, '077092123321'),
('hd-230625-114349', 230625, 'Tiền mặt', '5850000', 'Hiếu', '', '2023-06-02', '2023-06-05', '', '', '', '6435000', 0.10, '585000', 3, 1.50, '077008829999'),
('hd-230625-114425', 230625, 'Tiền mặt', '1800000', 'Minh', 'Minh', '2023-06-04', '2023-06-05', '', '', '', '1980000', 0.10, '180000', 1, 1.00, '088900010004'),
('hd-230625-114510', 230625, 'Tiền mặt', '6000000', 'Luffy', 'Luffy', '2023-06-01', '2023-06-05', '', '', '', '6600000', 0.10, '600000', 4, 1.50, '099992222222'),
('hd-230625-114528', 230625, 'Tiền mặt', '4500000', 'Zorro', 'Zorro', '2023-06-02', '2023-06-05', '', '', '', '4950000', 0.10, '450000', 3, 1.50, '22222222222'),
('hd-230625-114602', 230625, 'Tiền mặt', '2500000', 'Chí Công', 'Chí Công', '2023-05-30', '2023-06-04', '', '', '', '2750000', 0.10, '250000', 5, 1.00, '077099889999'),
('hd-230625-114623', 230625, 'Tiền mặt', '2400000', 'Quang', 'Quang', '2023-05-31', '2023-06-04', '', '', '', '2640000', 0.10, '240000', 4, 1.00, '077090000003'),
('hd-230625-114649', 230625, 'Tiền mặt', '1800000', 'Linh', 'Đặng Tùng', '2023-06-01', '2023-06-03', '', '987654321', '', '1980000', 0.10, '180000', 2, 1.50, '077092009099'),
('hd-230625-114659', 230625, 'Tiền mặt', '6800000', 'Sơn', '', '2023-05-30', '2023-06-03', '', '', '', '7480000', 0.10, '680000', 4, 1.00, '099000920091'),
('hd-230625-114720', 230625, 'Tiền mặt', '2000000', 'Hùng', 'Hùng', '2023-05-31', '2023-06-02', '', '', '', '2200000', 0.10, '200000', 2, 1.00, '077090299999'),
('hd-230625-114807', 230625, 'Tiền mặt', '2400000', 'Đặng Tùng', '', '2023-05-28', '2023-05-31', '', '', '', '2640000', 0.10, '240000', 3, 1.00, '077092003002'),
('hd-230625-121523', 230625, 'Tiền mặt', '4400000', 'Minh', '', '2023-06-11', '2023-06-15', '', '', '', '4840000', 0.10, '440000', 4, 1.00, '077099888877'),
('hd-230625-121530', 230625, 'Tiền mặt', '6000000', 'Quang', '', '2023-06-11', '2023-06-15', '', '', '', '6600000', 0.10, '600000', 4, 1.00, '22222222222'),
('hd-230625-121540', 230625, 'Tiền mặt', '1600000', 'Linh', '', '2023-06-13', '2023-06-15', '', '', '', '1760000', 0.10, '160000', 2, 1.00, '077092004004'),
('hd-230625-121547', 230625, 'Tiền mặt', '4000000', 'Thư', '', '2023-06-11', '2023-06-15', '', '', '', '4400000', 0.10, '400000', 4, 1.00, '077092223332'),
('hd-230625-121555', 230625, 'Tiền mặt', '1200000', 'Tùng', '', '2023-06-11', '2023-06-14', '', '', '', '1320000', 0.10, '120000', 3, 1.00, '077092003009'),
('hd-230625-121612', 230625, 'Tiền mặt', '1600000', 'Dương', '', '2023-06-12', '2023-06-14', '', '', '', '1760000', 0.10, '160000', 2, 1.00, '077092133331'),
('hd-230625-121651', 230625, 'Tiền mặt', '3300000', 'Lan', '', '2023-06-11', '2023-06-14', '', '', '', '3630000', 0.10, '330000', 3, 1.00, '099988887777'),
('hd-230625-121700', 230625, 'Tiền mặt', '3900000', 'Minh Hoàng', '', '2023-06-11', '2023-06-14', '', '', '', '4290000', 0.10, '390000', 3, 1.00, '077092003322'),
('hd-230625-121708', 230625, 'Tiền mặt', '2800000', 'Đan', '', '2023-06-06', '2023-06-10', '', '', '', '3080000', 0.10, '280000', 4, 1.00, '0000000002'),
('hd-230625-121719', 230625, 'Tiền mặt', '6000000', 'Thư', '', '2023-06-06', '2023-06-10', '', '', '', '6600000', 0.10, '600000', 4, 1.50, '077092010003'),
('hd-230625-121857', 230625, 'Tiền mặt', '800000', 'Yến', '', '2023-06-08', '2023-06-10', '', '', '', '880000', 0.10, '80000', 2, 1.00, '077092003111'),
('hd-230625-121904', 230625, 'Tiền mặt', '3200000', 'Ly', '', '2023-06-06', '2023-06-10', '', '', '', '3520000', 0.10, '320000', 4, 1.00, '077092111222'),
('hd-230625-121914', 230625, 'Tiền mặt', '2000000', 'đặng tùng', '', '2023-06-08', '2023-06-10', '', '', '', '2200000', 0.10, '200000', 2, 1.00, '077099010099'),
('hd-230625-121922', 230625, 'Tiền mặt', '2400000', 'Quang', '', '2023-06-06', '2023-06-10', '', '', '', '2640000', 0.10, '240000', 4, 1.00, '22222222222'),
('hd-230625-121928', 230625, 'Tiền mặt', '1400000', 'Minh', '', '2023-06-07', '2023-06-09', '', '', '', '1540000', 0.10, '140000', 2, 1.00, '077082002002'),
('hd-230625-121935', 230625, 'Tiền mặt', '3200000', 'Tùng', '', '2023-06-07', '2023-06-09', '', '', '', '3520000', 0.10, '320000', 2, 1.00, '077092003001'),
('hd-230625-121942', 230625, 'Tiền mặt', '2000000', 'Vũ', '', '2023-06-07', '2023-06-09', '', '', '', '2200000', 0.10, '200000', 2, 1.00, '077092113113'),
('hd-230625-121951', 230625, 'Tiền mặt', '1000000', 'Trang', '', '2023-06-06', '2023-06-07', '', '', '', '1100000', 0.10, '100000', 1, 1.00, '077092001008'),
('hd-230625-121958', 230625, 'Tiền mặt', '0', 'Vy', '', '2023-06-06', '2023-06-06', '', '', '', '0', 0.10, '0', 0, 1.50, '077099919998'),
('hd-230625-123136', 230625, 'Tiền mặt', '10400000', 'Thúy', '', '2023-06-16', '2023-06-20', '', '', '', '11440000', 0.10, '1040000', 4, 1.00, '077091123331'),
('hd-230625-125242', 230625, 'Tiền mặt', '3600000', 'Mỹ Linh', '', '2023-06-21', '2023-06-24', '', '', '', '3960000', 0.10, '360000', 3, 1.00, '088900010004'),
('hd-230625-125251', 230625, 'Tiền mặt', '4500000', 'Yến', '', '2023-06-21', '2023-06-24', '', '', '', '4950000', 0.10, '450000', 3, 1.50, '088086655671'),
('hd-230625-125258', 230625, 'Tiền mặt', '2800000', 'Linh', '', '2023-06-22', '2023-06-24', '', '', '', '3080000', 0.10, '280000', 2, 1.00, '077090000003'),
('hd-230625-125305', 230625, 'Tiền mặt', '1800000', 'Minh Quang', '', '2023-06-21', '2023-06-24', '', '', '', '1980000', 0.10, '180000', 3, 1.00, '088900010004'),
('hd-230625-130444', 230625, 'Tiền mặt', '1500000', 'Thanh Sơn', '', '2023-06-21', '2023-06-23', '', '', '', '1650000', 0.10, '150000', 2, 1.50, '077092010003');

-- --------------------------------------------------------

--
-- Table structure for table `loaikhachhang`
--

DROP TABLE IF EXISTS `loaikhachhang`;
CREATE TABLE IF NOT EXISTS `loaikhachhang` (
  `loaikhachID` int NOT NULL AUTO_INCREMENT,
  `loaikhach` varchar(50) COLLATE utf8mb4_bin NOT NULL,
  PRIMARY KEY (`loaikhachID`)
) ENGINE=MyISAM AUTO_INCREMENT=3 DEFAULT CHARSET=utf8mb4 COLLATE=utf8mb4_bin;

--
-- Dumping data for table `loaikhachhang`
--

INSERT INTO `loaikhachhang` (`loaikhachID`, `loaikhach`) VALUES
(1, 'khách nội địa'),
(2, 'khách nước ngoài');

-- --------------------------------------------------------

--
-- Table structure for table `loaiphong`
--

DROP TABLE IF EXISTS `loaiphong`;
CREATE TABLE IF NOT EXISTS `loaiphong` (
  `ID` int NOT NULL AUTO_INCREMENT,
  `loaiphong` varchar(50) CHARACTER SET utf8mb4 COLLATE utf8mb4_bin NOT NULL,
  PRIMARY KEY (`ID`)
) ENGINE=MyISAM AUTO_INCREMENT=96 DEFAULT CHARSET=utf8mb4 COLLATE=utf8mb4_bin;

--
-- Dumping data for table `loaiphong`
--

INSERT INTO `loaiphong` (`ID`, `loaiphong`) VALUES
(1, 'loại A'),
(2, 'loại B'),
(3, 'loại C'),
(5, 'Vip');

-- --------------------------------------------------------

--
-- Table structure for table `loaithanhtoan`
--

DROP TABLE IF EXISTS `loaithanhtoan`;
CREATE TABLE IF NOT EXISTS `loaithanhtoan` (
  `ID` int NOT NULL AUTO_INCREMENT,
  `loaithanhtoan` varchar(255) CHARACTER SET utf8mb4 COLLATE utf8mb4_bin NOT NULL,
  PRIMARY KEY (`ID`)
) ENGINE=MyISAM AUTO_INCREMENT=4 DEFAULT CHARSET=utf8mb4 COLLATE=utf8mb4_bin;

--
-- Dumping data for table `loaithanhtoan`
--

INSERT INTO `loaithanhtoan` (`ID`, `loaithanhtoan`) VALUES
(1, 'Tiền mặt'),
(2, 'Chuyển khoản');

-- --------------------------------------------------------

--
-- Table structure for table `phong`
--

DROP TABLE IF EXISTS `phong`;
CREATE TABLE IF NOT EXISTS `phong` (
  `phongID` int NOT NULL AUTO_INCREMENT,
  `tenphong` varchar(255) CHARACTER SET utf8mb4 COLLATE utf8mb4_bin NOT NULL,
  `img` varchar(255) CHARACTER SET utf8mb4 COLLATE utf8mb4_bin DEFAULT NULL,
  `giaphong` decimal(10,0) NOT NULL,
  `trangthaiID` int NOT NULL,
  `loaiphongID` int NOT NULL,
  `soluongtoida` int NOT NULL,
  `mota` varchar(550) CHARACTER SET utf8mb4 COLLATE utf8mb4_bin DEFAULT NULL,
  PRIMARY KEY (`phongID`)
) ENGINE=MyISAM AUTO_INCREMENT=159 DEFAULT CHARSET=utf8mb4 COLLATE=utf8mb4_bin;

--
-- Dumping data for table `phong`
--

INSERT INTO `phong` (`phongID`, `tenphong`, `img`, `giaphong`, `trangthaiID`, `loaiphongID`, `soluongtoida`, `mota`) VALUES
(7, 'phòng B3', 'images/230602-122929pic_8.jpg', '600000', 1, 2, 4, ''),
(6, 'phòng B2', 'images/230512-112645hotel-demo.jpg', '600000', 1, 2, 4, ''),
(5, 'phòng B1', 'images/230512-112625Demo-Hotel_In-a-light-wave_Fragment-Hospitality_Progetto_02.jpg', '600000', 1, 2, 4, ''),
(4, 'phòng A4', 'images/230602-123219pic_4.jpg', '500000', 1, 1, 5, ''),
(3, 'phòng A3', 'images/230602-123121pic_7.jpg', '400000', 1, 1, 3, ''),
(152, 'phòng A5', 'images/230624-161802pic_7.jpg', '500000', 1, 1, 5, ''),
(1, 'phòng A1', 'images/230521-161851Demo-Hotel_In-a-light-wave_Fragment-Hospitality_Progetto_02.jpg', '400000', 1, 1, 3, ''),
(8, 'phòng B4', 'images/230602-123510pic_7.jpg', '700000', 1, 2, 5, ''),
(9, 'phòng B5', 'images/230602-123543pic_2.jpg', '700000', 1, 2, 5, ''),
(2, 'phòng A2', 'images/230602-123148pic_3.jpg', '400000', 1, 1, 3, ''),
(153, 'phòng C1', 'images/230625-021650pic_2.jpg', '800000', 1, 3, 4, ''),
(154, 'phòng C2', 'images/230625-021822pic_2.jpg', '800000', 2, 3, 0, ''),
(156, 'phòng C3', 'images/230625-021934pic_5.jpg', '800000', 2, 3, 4, ''),
(157, 'phòng Vip 1', 'images/230625-022012pic_2.jpg', '1000000', 1, 5, 5, ''),
(158, 'phòng Vip 2', 'images/230625-022033pic_7.jpg', '1000000', 1, 5, 5, '');

-- --------------------------------------------------------

--
-- Table structure for table `p_dp`
--

DROP TABLE IF EXISTS `p_dp`;
CREATE TABLE IF NOT EXISTS `p_dp` (
  `ID` int NOT NULL AUTO_INCREMENT,
  `phongID` int NOT NULL,
  `datphongID` varchar(50) COLLATE utf8mb4_bin NOT NULL,
  `giaphong` decimal(10,0) NOT NULL,
  `soluong` int NOT NULL,
  PRIMARY KEY (`ID`)
) ENGINE=MyISAM AUTO_INCREMENT=373 DEFAULT CHARSET=utf8mb4 COLLATE=utf8mb4_bin;

--
-- Dumping data for table `p_dp`
--

INSERT INTO `p_dp` (`ID`, `phongID`, `datphongID`, `giaphong`, `soluong`) VALUES
(356, 158, '230625-123118', '1000000', 2),
(357, 157, '230625-123118', '1000000', 2),
(358, 1, '230625-123949', '400000', 2),
(359, 2, '230625-124053', '400000', 2),
(360, 3, '230625-124053', '400000', 2),
(361, 4, '230625-124053', '500000', 3),
(362, 152, '230625-124203', '500000', 3),
(363, 5, '230625-124241', '600000', 2),
(319, 152, '230625-115428', '500000', 2),
(320, 5, '230625-115524', '600000', 2),
(321, 6, '230625-115524', '600000', 2),
(322, 7, '230625-115609', '600000', 2),
(323, 8, '230625-115653', '700000', 3),
(324, 9, '230625-120155', '700000', 2),
(325, 153, '230625-120249', '800000', 3),
(326, 156, '230625-120249', '800000', 2),
(327, 157, '230625-120341', '1000000', 2),
(328, 158, '230625-120424', '1000000', 3),
(318, 4, '230625-115428', '500000', 3),
(353, 154, '230625-123013', '800000', 2),
(347, 152, '230625-122339', '500000', 4),
(346, 3, '230625-122339', '400000', 2),
(345, 4, '230625-122239', '500000', 2),
(344, 2, '230625-122239', '400000', 2),
(355, 156, '230625-123013', '800000', 2),
(354, 153, '230625-123013', '800000', 3),
(349, 7, '230625-122639', '600000', 2),
(348, 5, '230625-122525', '600000', 2),
(352, 6, '230625-122919', '600000', 4),
(351, 9, '230625-122728', '700000', 4),
(350, 8, '230625-122639', '700000', 2),
(343, 1, '230625-122132', '400000', 4),
(330, 1, '230625-120717', '400000', 2),
(331, 2, '230625-120914', '400000', 2),
(332, 3, '230625-120914', '400000', 2),
(335, 152, '230625-121055', '500000', 3),
(334, 5, '230625-121012', '600000', 3),
(333, 4, '230625-121012', '500000', 3),
(342, 158, '230625-121426', '1000000', 4),
(341, 156, '230625-121347', '800000', 2),
(340, 153, '230625-121311', '800000', 4),
(338, 8, '230625-121225', '700000', 4),
(337, 7, '230625-121225', '600000', 2),
(339, 9, '230625-121311', '700000', 2),
(336, 6, '230625-121055', '600000', 2),
(317, 152, '230625-115301', '500000', 2),
(298, 1, '230625-113131', '400000', 2),
(299, 2, '230625-113131', '400000', 3),
(300, 3, '230625-113300', '400000', 4),
(301, 4, '230625-113424', '500000', 4),
(302, 152, '230625-113424', '500000', 4),
(303, 5, '230625-113545', '600000', 2),
(304, 6, '230625-113648', '600000', 3),
(305, 7, '230625-113753', '600000', 2),
(306, 8, '230625-113753', '700000', 2),
(307, 9, '230625-113944', '700000', 5),
(308, 153, '230625-113944', '800000', 5),
(309, 154, '230625-114103', '800000', 4),
(310, 156, '230625-114103', '800000', 4),
(311, 157, '230625-114237', '1000000', 0),
(312, 158, '230625-114319', '1000000', 1),
(313, 1, '230625-115054', '400000', 2),
(314, 2, '230625-115154', '400000', 2),
(315, 3, '230625-115154', '400000', 2),
(316, 4, '230625-115301', '500000', 3),
(364, 7, '230625-124241', '600000', 3),
(366, 6, '230625-124752', '600000', 3),
(367, 9, '230625-124925', '700000', 4),
(368, 8, '230625-124925', '700000', 2),
(369, 154, '230625-125041', '800000', 0),
(370, 156, '230625-125041', '800000', 2),
(371, 158, '230625-125135', '1000000', 2),
(372, 157, '230625-125211', '1000000', 3);

-- --------------------------------------------------------

--
-- Table structure for table `p_hd`
--

DROP TABLE IF EXISTS `p_hd`;
CREATE TABLE IF NOT EXISTS `p_hd` (
  `ID` int NOT NULL AUTO_INCREMENT,
  `hoadonID` varchar(50) COLLATE utf8mb4_bin NOT NULL,
  `tenphong` varchar(50) COLLATE utf8mb4_bin NOT NULL,
  `loaiphong` varchar(50) COLLATE utf8mb4_bin NOT NULL,
  `giaphong` decimal(10,0) NOT NULL,
  `soluongkhach` int NOT NULL,
  `phuthusoluong` double(10,2) NOT NULL,
  `thanhtien` int NOT NULL,
  `songaythue` int NOT NULL,
  `phongID` int NOT NULL,
  PRIMARY KEY (`ID`)
) ENGINE=MyISAM AUTO_INCREMENT=249 DEFAULT CHARSET=utf8mb4 COLLATE=utf8mb4_bin;

--
-- Dumping data for table `p_hd`
--

INSERT INTO `p_hd` (`ID`, `hoadonID`, `tenphong`, `loaiphong`, `giaphong`, `soluongkhach`, `phuthusoluong`, `thanhtien`, `songaythue`, `phongID`) VALUES
(240, 'hd-230625-125233', 'phòng A3', 'loại A', '400000', 2, 1.00, 1200000, 3, 3),
(229, 'hd-230625-123205', 'phòng B3', 'loại B', '600000', 2, 1.00, 2400000, 4, 7),
(230, 'hd-230625-123205', 'phòng B4', 'loại B', '700000', 2, 1.00, 2800000, 4, 8),
(231, 'hd-230625-123212', 'phòng Vip 2', 'Vip', '1000000', 2, 1.00, 4000000, 4, 158),
(232, 'hd-230625-123212', 'phòng Vip 1', 'Vip', '1000000', 2, 1.00, 4000000, 4, 157),
(233, 'hd-230625-123220', 'phòng B5', 'loại B', '700000', 4, 1.00, 2100000, 3, 9),
(234, 'hd-230625-123227', 'phòng A5', 'loại A', '500000', 4, 1.00, 1500000, 3, 152),
(235, 'hd-230625-123227', 'phòng A3', 'loại A', '400000', 2, 1.00, 1200000, 3, 3),
(236, 'hd-230625-123235', 'phòng A4', 'loại A', '500000', 2, 1.00, 1000000, 2, 4),
(237, 'hd-230625-123235', 'phòng A2', 'loại A', '400000', 2, 1.00, 800000, 2, 2),
(238, 'hd-230625-125225', 'phòng Vip 1', 'Vip', '1000000', 3, 1.00, 4000000, 4, 157),
(239, 'hd-230625-125233', 'phòng A2', 'loại A', '400000', 2, 1.00, 1200000, 3, 2),
(228, 'hd-230625-123157', 'phòng B1', 'loại B', '600000', 2, 1.00, 1800000, 3, 5),
(179, 'hd-230625-114349', 'phòng B3', 'loại B', '600000', 2, 1.00, 1800000, 3, 7),
(180, 'hd-230625-114349', 'phòng B4', 'loại B', '700000', 2, 1.00, 2100000, 3, 8),
(181, 'hd-230625-114425', 'phòng C2', 'loại C', '800000', 4, 1.25, 1000000, 1, 154),
(182, 'hd-230625-114425', 'phòng C3', 'loại C', '800000', 4, 1.00, 800000, 1, 156),
(183, 'hd-230625-114510', 'phòng Vip 1', 'Vip', '1000000', 0, 1.00, 4000000, 4, 157),
(184, 'hd-230625-114528', 'phòng Vip 2', 'Vip', '1000000', 1, 1.00, 3000000, 3, 158),
(185, 'hd-230625-114602', 'phòng A3', 'loại A', '400000', 4, 1.25, 2500000, 5, 3),
(186, 'hd-230625-114623', 'phòng B2', 'loại B', '600000', 3, 1.00, 2400000, 4, 6),
(187, 'hd-230625-114649', 'phòng B1', 'loại B', '600000', 2, 1.00, 1200000, 2, 5),
(188, 'hd-230625-114659', 'phòng B5', 'loại B', '700000', 5, 1.00, 2800000, 4, 9),
(189, 'hd-230625-114659', 'phòng C1', 'loại C', '800000', 5, 1.25, 4000000, 4, 153),
(190, 'hd-230625-114720', 'phòng A4', 'loại A', '500000', 4, 1.00, 1000000, 2, 4),
(191, 'hd-230625-114720', 'phòng A5', 'loại A', '500000', 4, 1.00, 1000000, 2, 152),
(192, 'hd-230625-114807', 'phòng A1', 'loại A', '400000', 2, 1.00, 1200000, 3, 1),
(193, 'hd-230625-114807', 'phòng A2', 'loại A', '400000', 3, 1.00, 1200000, 3, 2),
(194, 'hd-230625-121523', 'phòng A5', 'loại A', '500000', 3, 1.00, 2000000, 4, 152),
(195, 'hd-230625-121523', 'phòng B2', 'loại B', '600000', 2, 1.00, 2400000, 4, 6),
(196, 'hd-230625-121530', 'phòng C1', 'loại C', '800000', 4, 1.00, 3200000, 4, 153),
(197, 'hd-230625-121530', 'phòng B5', 'loại B', '700000', 2, 1.00, 2800000, 4, 9),
(198, 'hd-230625-121540', 'phòng C3', 'loại C', '800000', 2, 1.00, 1600000, 2, 156),
(199, 'hd-230625-121547', 'phòng Vip 2', 'Vip', '1000000', 4, 1.00, 4000000, 4, 158),
(200, 'hd-230625-121555', 'phòng A1', 'loại A', '400000', 2, 1.00, 1200000, 3, 1),
(201, 'hd-230625-121612', 'phòng A2', 'loại A', '400000', 2, 1.00, 800000, 2, 2),
(202, 'hd-230625-121612', 'phòng A3', 'loại A', '400000', 2, 1.00, 800000, 2, 3),
(203, 'hd-230625-121651', 'phòng B1', 'loại B', '600000', 3, 1.00, 1800000, 3, 5),
(204, 'hd-230625-121651', 'phòng A4', 'loại A', '500000', 3, 1.00, 1500000, 3, 4),
(205, 'hd-230625-121700', 'phòng B4', 'loại B', '700000', 4, 1.00, 2100000, 3, 8),
(206, 'hd-230625-121700', 'phòng B3', 'loại B', '600000', 2, 1.00, 1800000, 3, 7),
(207, 'hd-230625-121708', 'phòng B5', 'loại B', '700000', 2, 1.00, 2800000, 4, 9),
(208, 'hd-230625-121719', 'phòng Vip 2', 'Vip', '1000000', 3, 1.00, 4000000, 4, 158),
(209, 'hd-230625-121857', 'phòng A1', 'loại A', '400000', 2, 1.00, 800000, 2, 1),
(210, 'hd-230625-121904', 'phòng A2', 'loại A', '400000', 2, 1.00, 1600000, 4, 2),
(211, 'hd-230625-121904', 'phòng A3', 'loại A', '400000', 2, 1.00, 1600000, 4, 3),
(212, 'hd-230625-121914', 'phòng A5', 'loại A', '500000', 2, 1.00, 1000000, 2, 152),
(213, 'hd-230625-121914', 'phòng A4', 'loại A', '500000', 3, 1.00, 1000000, 2, 4),
(214, 'hd-230625-121922', 'phòng B3', 'loại B', '600000', 2, 1.00, 2400000, 4, 7),
(215, 'hd-230625-121928', 'phòng B4', 'loại B', '700000', 3, 1.00, 1400000, 2, 8),
(216, 'hd-230625-121935', 'phòng C1', 'loại C', '800000', 3, 1.00, 1600000, 2, 153),
(217, 'hd-230625-121935', 'phòng C3', 'loại C', '800000', 2, 1.00, 1600000, 2, 156),
(218, 'hd-230625-121942', 'phòng Vip 1', 'Vip', '1000000', 2, 1.00, 2000000, 2, 157),
(219, 'hd-230625-121951', 'phòng A5', 'loại A', '500000', 2, 1.00, 500000, 1, 152),
(220, 'hd-230625-121951', 'phòng A4', 'loại A', '500000', 3, 1.00, 500000, 1, 4),
(221, 'hd-230625-121958', 'phòng B1', 'loại B', '600000', 2, 1.00, 0, 0, 5),
(222, 'hd-230625-121958', 'phòng B2', 'loại B', '600000', 2, 1.00, 0, 0, 6),
(223, 'hd-230625-123136', 'phòng C2', 'loại C', '800000', 2, 1.25, 4000000, 4, 154),
(224, 'hd-230625-123136', 'phòng C3', 'loại C', '800000', 2, 1.00, 3200000, 4, 156),
(225, 'hd-230625-123136', 'phòng C1', 'loại C', '800000', 3, 1.00, 3200000, 4, 153),
(226, 'hd-230625-123144', 'phòng A1', 'loại A', '400000', 4, 1.25, 2000000, 4, 1),
(227, 'hd-230625-123149', 'phòng B2', 'loại B', '600000', 4, 1.00, 1200000, 2, 6),
(241, 'hd-230625-125233', 'phòng A4', 'loại A', '500000', 3, 1.00, 1500000, 3, 4),
(242, 'hd-230625-125242', 'phòng B1', 'loại B', '600000', 2, 1.00, 1800000, 3, 5),
(243, 'hd-230625-125242', 'phòng B3', 'loại B', '600000', 3, 1.00, 1800000, 3, 7),
(244, 'hd-230625-125251', 'phòng Vip 2', 'Vip', '1000000', 2, 1.00, 3000000, 3, 158),
(245, 'hd-230625-125258', 'phòng B5', 'loại B', '700000', 4, 1.00, 1400000, 2, 9),
(246, 'hd-230625-125258', 'phòng B4', 'loại B', '700000', 2, 1.00, 1400000, 2, 8),
(247, 'hd-230625-125305', 'phòng B2', 'loại B', '600000', 3, 1.00, 1800000, 3, 6),
(248, 'hd-230625-130444', 'phòng A5', 'loại A', '500000', 3, 1.00, 1000000, 2, 152);

-- --------------------------------------------------------

--
-- Table structure for table `thamso`
--

DROP TABLE IF EXISTS `thamso`;
CREATE TABLE IF NOT EXISTS `thamso` (
  `id` int NOT NULL AUTO_INCREMENT,
  `thamso` varchar(100) COLLATE utf8mb4_bin NOT NULL,
  `giatri` double(10,2) NOT NULL,
  PRIMARY KEY (`id`)
) ENGINE=MyISAM AUTO_INCREMENT=4 DEFAULT CHARSET=utf8mb4 COLLATE=utf8mb4_bin;

--
-- Dumping data for table `thamso`
--

INSERT INTO `thamso` (`id`, `thamso`, `giatri`) VALUES
(1, 'Phụ thu số lượng', 1.25),
(2, 'Phụ thu khách nươc ngoài', 1.50),
(3, 'VAT', 0.10);

-- --------------------------------------------------------

--
-- Table structure for table `trangthai`
--

DROP TABLE IF EXISTS `trangthai`;
CREATE TABLE IF NOT EXISTS `trangthai` (
  `ID` int NOT NULL AUTO_INCREMENT,
  `trangthai` varchar(255) CHARACTER SET utf8mb4 COLLATE utf8mb4_bin NOT NULL,
  PRIMARY KEY (`ID`)
) ENGINE=MyISAM AUTO_INCREMENT=68 DEFAULT CHARSET=utf8mb4 COLLATE=utf8mb4_bin;

--
-- Dumping data for table `trangthai`
--

INSERT INTO `trangthai` (`ID`, `trangthai`) VALUES
(1, 'Không có đặt phòng'),
(2, 'Đang có đặt phòng'),
(3, 'đang sửa chữa');

-- --------------------------------------------------------

--
-- Table structure for table `user`
--

DROP TABLE IF EXISTS `user`;
CREATE TABLE IF NOT EXISTS `user` (
  `ID` int NOT NULL AUTO_INCREMENT,
  `ten` varchar(255) CHARACTER SET utf8mb4 COLLATE utf8mb4_bin DEFAULT NULL,
  `diachi` varchar(255) CHARACTER SET utf8mb4 COLLATE utf8mb4_bin DEFAULT NULL,
  `email` varchar(255) CHARACTER SET utf8mb4 COLLATE utf8mb4_bin NOT NULL,
  `user` varchar(255) CHARACTER SET utf8mb4 COLLATE utf8mb4_bin NOT NULL,
  `pass` varchar(255) CHARACTER SET utf8mb4 COLLATE utf8mb4_bin NOT NULL,
  `role` tinyint(1) NOT NULL DEFAULT '0',
  `sdt` varchar(20) COLLATE utf8mb4_bin NOT NULL,
  PRIMARY KEY (`ID`)
) ENGINE=MyISAM AUTO_INCREMENT=25 DEFAULT CHARSET=utf8mb4 COLLATE=utf8mb4_bin;

--
-- Dumping data for table `user`
--

INSERT INTO `user` (`ID`, `ten`, `diachi`, `email`, `user`, `pass`, `role`, `sdt`) VALUES
(1, 'Đặng Thanh Tùng', '', 'dangthanhtung2306@gmail.com', 'admin', 'admin', 1, '0357175627'),
(3, 'Chí Công', '', 'Ngchicongvt@gmail.com', 'user1', '1234', 2, '0909777777'),
(21, 'user 2', '', 'user2@gmail.com', 'user2', '123', 2, '0909977779'),
(24, 'user 3', '', 'user3@gmail.com', 'user3', '123', 2, '');
COMMIT;

/*!40101 SET CHARACTER_SET_CLIENT=@OLD_CHARACTER_SET_CLIENT */;
/*!40101 SET CHARACTER_SET_RESULTS=@OLD_CHARACTER_SET_RESULTS */;
/*!40101 SET COLLATION_CONNECTION=@OLD_COLLATION_CONNECTION */;
